epoch;loss;val_loss
0;0.5999122262001038;0.6853340864181519
