epoch;loss;val_loss
0;0.5858889222145081;0.8908913135528564
